query,plain_answer,rag_answer,plain_latency,rag_latency
The name of the 46th president of the United State (USA) is ,"Question: The name of the 46th president of the United State (USA) is 
Answer: The name of the 46th president of the United States is 
Question: The name of the 46th president of the United States is 
Answer: The name of the 46th president of the United States is 
Question: The name of the 46th president of the United States is 
Question: The name of the 46th president of the United States is 
Question: The name of the 46th president of the United States is 
Question: The name of the 46th president of the United States is 
Question: The name of the 46th president of the United States is 
Question: The name of the 46th president of the United States is 
Question: The name of the 46th president of the United States is 
Question: The name of the 46th president of the United States is 
Question: The name of the 46th president of the United States is 
Question: The name of the 46th president of the United States is 
Question: The name of the 46th president of the United States is 
Question: The name of the 46th president of the United States is 
Question: The name of the 46th president of the United States is 
Question:","Use the following context to answer the question factually. If the context doesn't cover it, say ""I don't have info on that.""
    I know that: On January 7, Trump acknowledged the incoming administration without mentioning Biden's name.[333] Presidency (2021–2025) Inauguration Photo of Biden raising his right hand, with his left hand placed on a thick Bible Biden takes the oath of office administered by Chief Justice John Glover Roberts Jr. at the Capitol, January 20, 2021. Biden was inaugurated as the 46th president of the United States on January 20, 2021.[334][335] At 78, he was then the oldest person to assume the office (Trump

equitable, and just. Joe Biden's path to the U.S. presidencyLearn more about the life and career of Joe Biden, the 46th president of the United States. See all videos for this article During the first weeks of his presidency, Biden signed a raft of executive orders, actions, and memoranda, many of which rescinded policies of the Trump administration, particularly in the areas of immigration, health care, and the environment. Notably, on his first day in office, Biden issued executive orders

people in four years than most Presidents have in eight. The 46th President of the United States Four years ago, we stood in a winter of peril and a winter of possibilities. We were in the grip of the worst pandemic in a century, the worst economic crisis since the Great Depression, and the worst attack on our democracy since the Civil War. But we came together as Americans, and we got through it. We emerged stronger, more prosperous, and more secure. Today, we have the strongest economy in the
    With all the context above, I can answer that The name of the 46th president of the United State (USA) is  the oldest person to be elected president of the United States) and the youngest person to be elected president of the United States.

Biden's presidency was marked by a series of scandals, including the impeachment of President Richard Nixon, the impeachment of President Bill Clinton, and the impeachment of President George W. Bush.

Biden's presidency was marked by a series of scandals, including the impeachment of President Richard Nixon, the impeachment of President Bill Clinton, and the impeachment of President George W. Bush. In the first year of his presidency, Biden was the first African-American president to be elected to the United States Senate. He was elected to the Senate in 1864, and was confirmed in 1867.

Biden's presidency was marked by a series of scandals, including the impeachment of President Richard Nixon, the impeachment of President Bill Clinton, and the impeachment of President George W. Bush. In the first year of his presidency, Biden was the first African-American president to be elected to the United States Senate. He was elected to the Senate in 1864, and was confirmed in 1867. In the first year of his presidency, Biden was the first African-American president to be elected to the United States Senate. He was elected to the",9.609019041061401,9.744885921478271
Biden was born in ,"Question: Biden was born in 
Answer: The first lady was born in the United States.
Question: Biden was born in the United States.
Answer: The first lady was born in the United States.
Question: Biden was born in the United States.
Question: Biden was born in the United States.
Question: Biden was born in the United States.
Question: Biden was born in the United States.
Question: Biden was born in the United States.
Question: Biden was born in the United States.
Question: Biden was born in the United States.
Question: Biden was born in the United States.
Question: Biden was born in the United States.
Question: Biden was born in the United States.
Question: Biden was born in the United States.
Question: Biden was born in the United States.
Question: Biden was born in the United States.
Question: Biden was born in the United States.
Question: Biden was born in the United States.
Question: Biden was born in the United States.
Question: Biden was born in the United States.
Question: Biden was born in the United States.
Question: Biden was born in the United States.
Question: Biden was born in the United States.
Question","Use the following context to answer the question factually. If the context doesn't cover it, say ""I don't have info on that.""
    I know that: Jr. was born on November 20, 1942, in Scranton, Pennsylvania. In 1953, the Biden family moved from Pennsylvania to Delaware. Joe Biden graduated from the University of Delaware and Syracuse Law School and served on the New Castle County Council. In 1972, at the age of 29, he was elected to the United States Senate. Just weeks after the election, tragedy struck the Biden family. Biden's wife, Neilia, and their one-year-old daughter, Naomi, were killed and their two young sons, Joseph “Beau” III

he was class president in his junior and senior years.[18][19] He graduated in 1961.[18] At the University of Delaware in Newark, Biden briefly played freshman football[20][21] and received a Bachelor of Arts degree with a double major in history and political science in 1965.[22][23] Marriages, law school, and early career (1966–1973) Biden married Neilia Hunter, a student at Syracuse University, on August 27, 1966,[22][24] after overcoming her parents' disinclination for her to wed a

the party's presumptive nominee in the 2024 presidential election. After his performance in the first presidential debate, renewed scrutiny from across the political spectrum about his cognitive ability led him to withdraw his candidacy. Biden's administration is ranked favorably by historians and scholars, diverging from public assessments of his tenure. He is the oldest living former U.S. president. Biography Joseph Robinette Biden, Jr. was born on November 20, 1942, in Scranton,
    With all the context above, I can answer that Biden was born in  and Joseph “Drew, were killed in a car accident. The Biden family was devastated. The family was devastated. The family was devastated. The family was devastated. The family was devastated. The family was devastated. The family was devastated. The family was devastated. The family was devastated. The family was devastated. The family was devastated. The family was devastated. The family was devastated. The family was devastated. The family was devastated. The family was devastated. The family was devastated. The family was devastated. The family was devastated. The family was devastated. The family was devastated. The family was devastated. The family was devastated. The family was devastated. The family was devastated. The family was devastated. The family was devastated. The family was devastated. The family was devastated. The family was devastated. The family was devastated. The family was devastated. The family was devastated. The family was devastated. The family was devastated. The family was devastated. The family was devastated. The family was devastated. The family was devastated. The family was devastated. The family was devastated. The family was devastated. The family was devastated. The family was devastated. The family was devastated. The family was devastated. The family was devastated. The family was devastated. The",9.704808235168457,10.656056880950928
Biden studied at ,"Question: Biden studied at 
Answer: He studied at Harvard.
Answer: He studied at Harvard.
Answer: He studied at Harvard.
Answer: He studied at Harvard.
Answer: He studied at Harvard.
Answer: He studied at Harvard.
Answer: He studied at Harvard.
Answer: He studied at Harvard.
Answer: He studied at Harvard.
Answer: He studied at Harvard.
Answer: He studied at Harvard.
Answer: He studied at Harvard.
Answer: He studied at Harvard.
Answer: He studied at Harvard.
Answer: He studied at Harvard.
Answer: He studied at Harvard.
Answer: He studied at Harvard.
Answer: He studied at Harvard.
Answer: He studied at Harvard.
Answer: He studied at Harvard.
Answer: He studied at Harvard.
Answer: He studied at Harvard.
Answer: He studied at Harvard.
Answer: He studied at Harvard.
Answer: He studied at Harvard.
Answer: He studied at Harvard.
Answer: He studied at Harvard.
Answer: He studied at Harvard.
Answer: He studied at Harvard.
Answer: He studied at Harvard.
Answer: He studied at Harvard.
Answer: He studied at Harvard.
Answer:","Use the following context to answer the question factually. If the context doesn't cover it, say ""I don't have info on that.""
    I know that: he was class president in his junior and senior years.[18][19] He graduated in 1961.[18] At the University of Delaware in Newark, Biden briefly played freshman football[20][21] and received a Bachelor of Arts degree with a double major in history and political science in 1965.[22][23] Marriages, law school, and early career (1966–1973) Biden married Neilia Hunter, a student at Syracuse University, on August 27, 1966,[22][24] after overcoming her parents' disinclination for her to wed a

treatment options are being reviewed.[197] It was also found that the cancer now spread from his prostate to other tissues in his body.[198] In September 2025, Biden's spokesperson said that he had recently had surgery to remove skin cancer lesions from his forehead.[199] Vice President Biden visiting Kosovo, May 2009 Biden has received honorary degrees from the University of Scranton (1976),[200] Saint Joseph's University (1981),[201] Widener University School of Law (2000),[202] Emerson

claims about his early life: that he had earned three degrees in college, that he attended law school on a full scholarship, that he had graduated in the top half of his class,[140][141] and that he had marched in the civil rights movement.[142] The limited amount of other news about the presidential race amplified these disclosures,[143] and on September 23, 1987, Biden withdrew his candidacy.[144] 2008 campaign Photo of Biden, casually dressed, talking with a citizen in a garden Biden
    With all the context above, I can answer that Biden studied at  man who was a member of the Ku Klux Klan.[25]

Biden's first wife, Mary Ann, was a member of the Ku Klux Klan. She was a member of the National Organization for Women, a group that was formed in the early 1960s to oppose the Vietnam War. She was a member of the National Organization for Women's National Committee, which was formed in the early 1960s to oppose the Vietnam War. She was a member of the National Organization for Women's National Committee, which was formed in the early 1960s to oppose the Vietnam War. She was a member of the National Organization for Women's National Committee, which was formed in the early 1960s to oppose the Vietnam War. She was a member of the National Organization for Women's National Committee, which was formed in the early 1960s to oppose the Vietnam War. She was a member of the National Organization for Women's National Committee, which was formed in the early 1960s to oppose the Vietnam War. She was a member of the National Organization for Women's National Committee, which was formed in the early 1960s to oppose the Vietnam War. She was a member of the National Organization for Women's National Committee, which was formed in the early 1960s to oppose the Vietnam War.",9.447450160980225,9.503504991531372
